scene_id,video_name
0,man_vs_baby_trailer.mp4
1,man_vs_baby_trailer.mp4
2,man_vs_baby_trailer.mp4
3,man_vs_baby_trailer.mp4
4,man_vs_baby_trailer.mp4
5,man_vs_baby_trailer.mp4
6,man_vs_baby_trailer.mp4
7,man_vs_baby_trailer.mp4
8,man_vs_baby_trailer.mp4
9,man_vs_baby_trailer.mp4
10,man_vs_baby_trailer.mp4
0,ready_or_not_trailer.mp4
1,ready_or_not_trailer.mp4
2,ready_or_not_trailer.mp4
3,ready_or_not_trailer.mp4
4,ready_or_not_trailer.mp4
5,ready_or_not_trailer.mp4
6,ready_or_not_trailer.mp4
7,ready_or_not_trailer.mp4
8,ready_or_not_trailer.mp4
9,ready_or_not_trailer.mp4
0,toy_story_5_trailer.mp4
1,toy_story_5_trailer.mp4
2,toy_story_5_trailer.mp4
3,toy_story_5_trailer.mp4
4,toy_story_5_trailer.mp4
16,gacs_advertisements_00_-avONMmQ.mp4
13,gacs_advertisements_01_jBnseji3.mp4
14,gacs_advertisements_01_jBnseji3.mp4
15,gacs_animations_00_WIPV1iwz.mp4
16,gacs_animations_00_WIPV1iwz.mp4
17,gacs_animations_00_WIPV1iwz.mp4
18,gacs_animations_00_WIPV1iwz.mp4
19,gacs_animations_00_WIPV1iwz.mp4
20,gacs_animations_00_WIPV1iwz.mp4
21,gacs_animations_00_WIPV1iwz.mp4
16,gacs_animations_02_qLGNj-xr.mp4
17,gacs_animations_02_qLGNj-xr.mp4
18,gacs_animations_02_qLGNj-xr.mp4
19,gacs_animations_02_qLGNj-xr.mp4
15,gacs_emotional_shorts_00_WAmw-erI.mp4
16,gacs_emotional_shorts_00_WAmw-erI.mp4
17,gacs_emotional_shorts_00_WAmw-erI.mp4
18,gacs_emotional_shorts_00_WAmw-erI.mp4
19,gacs_emotional_shorts_00_WAmw-erI.mp4
20,gacs_emotional_shorts_00_WAmw-erI.mp4
21,gacs_emotional_shorts_00_WAmw-erI.mp4
22,gacs_emotional_shorts_00_WAmw-erI.mp4
23,gacs_emotional_shorts_00_WAmw-erI.mp4
24,gacs_emotional_shorts_00_WAmw-erI.mp4
25,gacs_emotional_shorts_00_WAmw-erI.mp4
26,gacs_emotional_shorts_00_WAmw-erI.mp4
27,gacs_emotional_shorts_00_WAmw-erI.mp4
28,gacs_emotional_shorts_00_WAmw-erI.mp4
29,gacs_emotional_shorts_00_WAmw-erI.mp4
30,gacs_emotional_shorts_00_WAmw-erI.mp4
31,gacs_emotional_shorts_00_WAmw-erI.mp4
32,gacs_emotional_shorts_00_WAmw-erI.mp4
33,gacs_emotional_shorts_00_WAmw-erI.mp4
34,gacs_emotional_shorts_00_WAmw-erI.mp4
35,gacs_emotional_shorts_00_WAmw-erI.mp4
36,gacs_emotional_shorts_00_WAmw-erI.mp4
37,gacs_emotional_shorts_00_WAmw-erI.mp4
38,gacs_emotional_shorts_00_WAmw-erI.mp4
39,gacs_emotional_shorts_00_WAmw-erI.mp4
40,gacs_emotional_shorts_00_WAmw-erI.mp4
41,gacs_emotional_shorts_00_WAmw-erI.mp4
42,gacs_emotional_shorts_00_WAmw-erI.mp4
43,gacs_emotional_shorts_00_WAmw-erI.mp4
44,gacs_emotional_shorts_00_WAmw-erI.mp4
45,gacs_emotional_shorts_00_WAmw-erI.mp4
46,gacs_emotional_shorts_00_WAmw-erI.mp4
47,gacs_emotional_shorts_00_WAmw-erI.mp4
48,gacs_emotional_shorts_00_WAmw-erI.mp4
49,gacs_emotional_shorts_00_WAmw-erI.mp4
50,gacs_emotional_shorts_00_WAmw-erI.mp4
51,gacs_emotional_shorts_00_WAmw-erI.mp4
52,gacs_emotional_shorts_00_WAmw-erI.mp4
53,gacs_emotional_shorts_00_WAmw-erI.mp4
54,gacs_emotional_shorts_00_WAmw-erI.mp4
55,gacs_emotional_shorts_00_WAmw-erI.mp4
56,gacs_emotional_shorts_00_WAmw-erI.mp4
57,gacs_emotional_shorts_00_WAmw-erI.mp4
58,gacs_emotional_shorts_00_WAmw-erI.mp4
59,gacs_emotional_shorts_00_WAmw-erI.mp4
60,gacs_emotional_shorts_00_WAmw-erI.mp4
61,gacs_emotional_shorts_00_WAmw-erI.mp4
62,gacs_emotional_shorts_00_WAmw-erI.mp4
63,gacs_emotional_shorts_00_WAmw-erI.mp4
64,gacs_emotional_shorts_00_WAmw-erI.mp4
65,gacs_emotional_shorts_00_WAmw-erI.mp4
66,gacs_emotional_shorts_00_WAmw-erI.mp4
67,gacs_emotional_shorts_00_WAmw-erI.mp4
68,gacs_emotional_shorts_00_WAmw-erI.mp4
69,gacs_emotional_shorts_00_WAmw-erI.mp4
70,gacs_emotional_shorts_00_WAmw-erI.mp4
71,gacs_emotional_shorts_00_WAmw-erI.mp4
72,gacs_emotional_shorts_00_WAmw-erI.mp4
73,gacs_emotional_shorts_00_WAmw-erI.mp4
74,gacs_emotional_shorts_00_WAmw-erI.mp4
75,gacs_emotional_shorts_00_WAmw-erI.mp4
76,gacs_emotional_shorts_00_WAmw-erI.mp4
77,gacs_emotional_shorts_00_WAmw-erI.mp4
78,gacs_emotional_shorts_00_WAmw-erI.mp4
79,gacs_emotional_shorts_00_WAmw-erI.mp4
80,gacs_emotional_shorts_00_WAmw-erI.mp4
81,gacs_emotional_shorts_00_WAmw-erI.mp4
82,gacs_emotional_shorts_00_WAmw-erI.mp4
83,gacs_emotional_shorts_00_WAmw-erI.mp4
84,gacs_emotional_shorts_00_WAmw-erI.mp4
85,gacs_emotional_shorts_00_WAmw-erI.mp4
86,gacs_emotional_shorts_00_WAmw-erI.mp4
87,gacs_emotional_shorts_00_WAmw-erI.mp4
88,gacs_emotional_shorts_00_WAmw-erI.mp4
89,gacs_emotional_shorts_00_WAmw-erI.mp4
90,gacs_emotional_shorts_00_WAmw-erI.mp4
91,gacs_emotional_shorts_00_WAmw-erI.mp4
92,gacs_emotional_shorts_00_WAmw-erI.mp4
93,gacs_emotional_shorts_00_WAmw-erI.mp4
94,gacs_emotional_shorts_00_WAmw-erI.mp4
95,gacs_emotional_shorts_00_WAmw-erI.mp4
96,gacs_emotional_shorts_00_WAmw-erI.mp4
97,gacs_emotional_shorts_00_WAmw-erI.mp4
98,gacs_emotional_shorts_00_WAmw-erI.mp4
99,gacs_emotional_shorts_00_WAmw-erI.mp4
100,gacs_emotional_shorts_00_WAmw-erI.mp4
101,gacs_emotional_shorts_00_WAmw-erI.mp4
102,gacs_emotional_shorts_00_WAmw-erI.mp4
103,gacs_emotional_shorts_00_WAmw-erI.mp4
104,gacs_emotional_shorts_00_WAmw-erI.mp4
105,gacs_emotional_shorts_00_WAmw-erI.mp4
106,gacs_emotional_shorts_00_WAmw-erI.mp4
107,gacs_emotional_shorts_00_WAmw-erI.mp4
108,gacs_emotional_shorts_00_WAmw-erI.mp4
109,gacs_emotional_shorts_00_WAmw-erI.mp4
110,gacs_emotional_shorts_00_WAmw-erI.mp4
111,gacs_emotional_shorts_00_WAmw-erI.mp4
112,gacs_emotional_shorts_00_WAmw-erI.mp4
113,gacs_emotional_shorts_00_WAmw-erI.mp4
114,gacs_emotional_shorts_00_WAmw-erI.mp4
115,gacs_emotional_shorts_00_WAmw-erI.mp4
116,gacs_emotional_shorts_00_WAmw-erI.mp4
117,gacs_emotional_shorts_00_WAmw-erI.mp4
118,gacs_emotional_shorts_00_WAmw-erI.mp4
119,gacs_emotional_shorts_00_WAmw-erI.mp4
120,gacs_emotional_shorts_00_WAmw-erI.mp4
121,gacs_emotional_shorts_00_WAmw-erI.mp4
122,gacs_emotional_shorts_00_WAmw-erI.mp4
123,gacs_emotional_shorts_00_WAmw-erI.mp4
124,gacs_emotional_shorts_00_WAmw-erI.mp4
125,gacs_emotional_shorts_00_WAmw-erI.mp4
126,gacs_emotional_shorts_00_WAmw-erI.mp4
127,gacs_emotional_shorts_00_WAmw-erI.mp4
128,gacs_emotional_shorts_00_WAmw-erI.mp4
129,gacs_emotional_shorts_00_WAmw-erI.mp4
130,gacs_emotional_shorts_00_WAmw-erI.mp4
131,gacs_emotional_shorts_00_WAmw-erI.mp4
132,gacs_emotional_shorts_00_WAmw-erI.mp4
133,gacs_emotional_shorts_00_WAmw-erI.mp4
134,gacs_emotional_shorts_00_WAmw-erI.mp4
135,gacs_emotional_shorts_00_WAmw-erI.mp4
136,gacs_emotional_shorts_00_WAmw-erI.mp4
137,gacs_emotional_shorts_00_WAmw-erI.mp4
138,gacs_emotional_shorts_00_WAmw-erI.mp4
139,gacs_emotional_shorts_00_WAmw-erI.mp4
140,gacs_emotional_shorts_00_WAmw-erI.mp4
141,gacs_emotional_shorts_00_WAmw-erI.mp4
142,gacs_emotional_shorts_00_WAmw-erI.mp4
143,gacs_emotional_shorts_00_WAmw-erI.mp4
144,gacs_emotional_shorts_00_WAmw-erI.mp4
15,gacs_emotional_shorts_01_LIed92r8.mp4
16,gacs_emotional_shorts_01_LIed92r8.mp4
17,gacs_emotional_shorts_01_LIed92r8.mp4
18,gacs_emotional_shorts_01_LIed92r8.mp4
19,gacs_emotional_shorts_01_LIed92r8.mp4
20,gacs_emotional_shorts_01_LIed92r8.mp4
21,gacs_emotional_shorts_01_LIed92r8.mp4
22,gacs_emotional_shorts_01_LIed92r8.mp4
7,gacs_emotional_shorts_02_DZQtVmKM.mp4
8,gacs_emotional_shorts_02_DZQtVmKM.mp4
9,gacs_emotional_shorts_02_DZQtVmKM.mp4
10,gacs_emotional_shorts_02_DZQtVmKM.mp4
11,gacs_emotional_shorts_02_DZQtVmKM.mp4
12,gacs_emotional_shorts_02_DZQtVmKM.mp4
13,gacs_emotional_shorts_02_DZQtVmKM.mp4
14,gacs_emotional_shorts_02_DZQtVmKM.mp4
15,gacs_emotional_shorts_02_DZQtVmKM.mp4
16,gacs_emotional_shorts_02_DZQtVmKM.mp4
17,gacs_emotional_shorts_02_DZQtVmKM.mp4
18,gacs_emotional_shorts_02_DZQtVmKM.mp4
19,gacs_emotional_shorts_02_DZQtVmKM.mp4
20,gacs_emotional_shorts_02_DZQtVmKM.mp4
21,gacs_emotional_shorts_02_DZQtVmKM.mp4
22,gacs_emotional_shorts_02_DZQtVmKM.mp4
23,gacs_emotional_shorts_02_DZQtVmKM.mp4
24,gacs_emotional_shorts_02_DZQtVmKM.mp4
25,gacs_emotional_shorts_02_DZQtVmKM.mp4
26,gacs_emotional_shorts_02_DZQtVmKM.mp4
27,gacs_emotional_shorts_02_DZQtVmKM.mp4
28,gacs_emotional_shorts_02_DZQtVmKM.mp4
29,gacs_emotional_shorts_02_DZQtVmKM.mp4
30,gacs_emotional_shorts_02_DZQtVmKM.mp4
31,gacs_emotional_shorts_02_DZQtVmKM.mp4
32,gacs_emotional_shorts_02_DZQtVmKM.mp4
33,gacs_emotional_shorts_02_DZQtVmKM.mp4
34,gacs_emotional_shorts_02_DZQtVmKM.mp4
35,gacs_emotional_shorts_02_DZQtVmKM.mp4
36,gacs_emotional_shorts_02_DZQtVmKM.mp4
37,gacs_emotional_shorts_02_DZQtVmKM.mp4
38,gacs_emotional_shorts_02_DZQtVmKM.mp4
39,gacs_emotional_shorts_02_DZQtVmKM.mp4
40,gacs_emotional_shorts_02_DZQtVmKM.mp4
41,gacs_emotional_shorts_02_DZQtVmKM.mp4
42,gacs_emotional_shorts_02_DZQtVmKM.mp4
43,gacs_emotional_shorts_02_DZQtVmKM.mp4
44,gacs_emotional_shorts_02_DZQtVmKM.mp4
45,gacs_emotional_shorts_02_DZQtVmKM.mp4
46,gacs_emotional_shorts_02_DZQtVmKM.mp4
47,gacs_emotional_shorts_02_DZQtVmKM.mp4
48,gacs_emotional_shorts_02_DZQtVmKM.mp4
49,gacs_emotional_shorts_02_DZQtVmKM.mp4
50,gacs_emotional_shorts_02_DZQtVmKM.mp4
51,gacs_emotional_shorts_02_DZQtVmKM.mp4
52,gacs_emotional_shorts_02_DZQtVmKM.mp4
53,gacs_emotional_shorts_02_DZQtVmKM.mp4
54,gacs_emotional_shorts_02_DZQtVmKM.mp4
55,gacs_emotional_shorts_02_DZQtVmKM.mp4
56,gacs_emotional_shorts_02_DZQtVmKM.mp4
57,gacs_emotional_shorts_02_DZQtVmKM.mp4
58,gacs_emotional_shorts_02_DZQtVmKM.mp4
59,gacs_emotional_shorts_02_DZQtVmKM.mp4
60,gacs_emotional_shorts_02_DZQtVmKM.mp4
61,gacs_emotional_shorts_02_DZQtVmKM.mp4
62,gacs_emotional_shorts_02_DZQtVmKM.mp4
63,gacs_emotional_shorts_02_DZQtVmKM.mp4
64,gacs_emotional_shorts_02_DZQtVmKM.mp4
65,gacs_emotional_shorts_02_DZQtVmKM.mp4
66,gacs_emotional_shorts_02_DZQtVmKM.mp4
67,gacs_emotional_shorts_02_DZQtVmKM.mp4
68,gacs_emotional_shorts_02_DZQtVmKM.mp4
69,gacs_emotional_shorts_02_DZQtVmKM.mp4
70,gacs_emotional_shorts_02_DZQtVmKM.mp4
71,gacs_emotional_shorts_02_DZQtVmKM.mp4
72,gacs_emotional_shorts_02_DZQtVmKM.mp4
73,gacs_emotional_shorts_02_DZQtVmKM.mp4
74,gacs_emotional_shorts_02_DZQtVmKM.mp4
75,gacs_emotional_shorts_02_DZQtVmKM.mp4
76,gacs_emotional_shorts_02_DZQtVmKM.mp4
77,gacs_emotional_shorts_02_DZQtVmKM.mp4
78,gacs_emotional_shorts_02_DZQtVmKM.mp4
79,gacs_emotional_shorts_02_DZQtVmKM.mp4
80,gacs_emotional_shorts_02_DZQtVmKM.mp4
81,gacs_emotional_shorts_02_DZQtVmKM.mp4
82,gacs_emotional_shorts_02_DZQtVmKM.mp4
83,gacs_emotional_shorts_02_DZQtVmKM.mp4
84,gacs_emotional_shorts_02_DZQtVmKM.mp4
85,gacs_emotional_shorts_02_DZQtVmKM.mp4
86,gacs_emotional_shorts_02_DZQtVmKM.mp4
87,gacs_emotional_shorts_02_DZQtVmKM.mp4
88,gacs_emotional_shorts_02_DZQtVmKM.mp4
89,gacs_emotional_shorts_02_DZQtVmKM.mp4
90,gacs_emotional_shorts_02_DZQtVmKM.mp4
91,gacs_emotional_shorts_02_DZQtVmKM.mp4
92,gacs_emotional_shorts_02_DZQtVmKM.mp4
93,gacs_emotional_shorts_02_DZQtVmKM.mp4
94,gacs_emotional_shorts_02_DZQtVmKM.mp4
95,gacs_emotional_shorts_02_DZQtVmKM.mp4
96,gacs_emotional_shorts_02_DZQtVmKM.mp4
97,gacs_emotional_shorts_02_DZQtVmKM.mp4
98,gacs_emotional_shorts_02_DZQtVmKM.mp4
99,gacs_emotional_shorts_02_DZQtVmKM.mp4
100,gacs_emotional_shorts_02_DZQtVmKM.mp4
101,gacs_emotional_shorts_02_DZQtVmKM.mp4
102,gacs_emotional_shorts_02_DZQtVmKM.mp4
103,gacs_emotional_shorts_02_DZQtVmKM.mp4
104,gacs_emotional_shorts_02_DZQtVmKM.mp4
105,gacs_emotional_shorts_02_DZQtVmKM.mp4
106,gacs_emotional_shorts_02_DZQtVmKM.mp4
107,gacs_emotional_shorts_02_DZQtVmKM.mp4
108,gacs_emotional_shorts_02_DZQtVmKM.mp4
109,gacs_emotional_shorts_02_DZQtVmKM.mp4
110,gacs_emotional_shorts_02_DZQtVmKM.mp4
111,gacs_emotional_shorts_02_DZQtVmKM.mp4
112,gacs_emotional_shorts_02_DZQtVmKM.mp4
113,gacs_emotional_shorts_02_DZQtVmKM.mp4
114,gacs_emotional_shorts_02_DZQtVmKM.mp4
115,gacs_emotional_shorts_02_DZQtVmKM.mp4
116,gacs_emotional_shorts_02_DZQtVmKM.mp4
117,gacs_emotional_shorts_02_DZQtVmKM.mp4
118,gacs_emotional_shorts_02_DZQtVmKM.mp4
119,gacs_emotional_shorts_02_DZQtVmKM.mp4
120,gacs_emotional_shorts_02_DZQtVmKM.mp4
121,gacs_emotional_shorts_02_DZQtVmKM.mp4
122,gacs_emotional_shorts_02_DZQtVmKM.mp4
123,gacs_emotional_shorts_02_DZQtVmKM.mp4
124,gacs_emotional_shorts_02_DZQtVmKM.mp4
125,gacs_emotional_shorts_02_DZQtVmKM.mp4
126,gacs_emotional_shorts_02_DZQtVmKM.mp4
127,gacs_emotional_shorts_02_DZQtVmKM.mp4
128,gacs_emotional_shorts_02_DZQtVmKM.mp4
129,gacs_emotional_shorts_02_DZQtVmKM.mp4
130,gacs_emotional_shorts_02_DZQtVmKM.mp4
131,gacs_emotional_shorts_02_DZQtVmKM.mp4
132,gacs_emotional_shorts_02_DZQtVmKM.mp4
133,gacs_emotional_shorts_02_DZQtVmKM.mp4
134,gacs_emotional_shorts_02_DZQtVmKM.mp4
135,gacs_emotional_shorts_02_DZQtVmKM.mp4
136,gacs_emotional_shorts_02_DZQtVmKM.mp4
137,gacs_emotional_shorts_02_DZQtVmKM.mp4
138,gacs_emotional_shorts_02_DZQtVmKM.mp4
139,gacs_emotional_shorts_02_DZQtVmKM.mp4
140,gacs_emotional_shorts_02_DZQtVmKM.mp4
141,gacs_emotional_shorts_02_DZQtVmKM.mp4
142,gacs_emotional_shorts_02_DZQtVmKM.mp4
143,gacs_emotional_shorts_02_DZQtVmKM.mp4
144,gacs_emotional_shorts_02_DZQtVmKM.mp4
145,gacs_emotional_shorts_02_DZQtVmKM.mp4
146,gacs_emotional_shorts_02_DZQtVmKM.mp4
147,gacs_emotional_shorts_02_DZQtVmKM.mp4
148,gacs_emotional_shorts_02_DZQtVmKM.mp4
149,gacs_emotional_shorts_02_DZQtVmKM.mp4
150,gacs_emotional_shorts_02_DZQtVmKM.mp4
151,gacs_emotional_shorts_02_DZQtVmKM.mp4
152,gacs_emotional_shorts_02_DZQtVmKM.mp4
153,gacs_emotional_shorts_02_DZQtVmKM.mp4
154,gacs_emotional_shorts_02_DZQtVmKM.mp4
155,gacs_emotional_shorts_02_DZQtVmKM.mp4
156,gacs_emotional_shorts_02_DZQtVmKM.mp4
157,gacs_emotional_shorts_02_DZQtVmKM.mp4
158,gacs_emotional_shorts_02_DZQtVmKM.mp4
159,gacs_emotional_shorts_02_DZQtVmKM.mp4
160,gacs_emotional_shorts_02_DZQtVmKM.mp4
161,gacs_emotional_shorts_02_DZQtVmKM.mp4
162,gacs_emotional_shorts_02_DZQtVmKM.mp4
163,gacs_emotional_shorts_02_DZQtVmKM.mp4
164,gacs_emotional_shorts_02_DZQtVmKM.mp4
165,gacs_emotional_shorts_02_DZQtVmKM.mp4
166,gacs_emotional_shorts_02_DZQtVmKM.mp4
167,gacs_emotional_shorts_02_DZQtVmKM.mp4
168,gacs_emotional_shorts_02_DZQtVmKM.mp4
169,gacs_emotional_shorts_02_DZQtVmKM.mp4
170,gacs_emotional_shorts_02_DZQtVmKM.mp4
171,gacs_emotional_shorts_02_DZQtVmKM.mp4
172,gacs_emotional_shorts_02_DZQtVmKM.mp4
173,gacs_emotional_shorts_02_DZQtVmKM.mp4
174,gacs_emotional_shorts_02_DZQtVmKM.mp4
175,gacs_emotional_shorts_02_DZQtVmKM.mp4
176,gacs_emotional_shorts_02_DZQtVmKM.mp4
177,gacs_emotional_shorts_02_DZQtVmKM.mp4
178,gacs_emotional_shorts_02_DZQtVmKM.mp4
179,gacs_emotional_shorts_02_DZQtVmKM.mp4
180,gacs_emotional_shorts_02_DZQtVmKM.mp4
181,gacs_emotional_shorts_02_DZQtVmKM.mp4
182,gacs_emotional_shorts_02_DZQtVmKM.mp4
183,gacs_emotional_shorts_02_DZQtVmKM.mp4
184,gacs_emotional_shorts_02_DZQtVmKM.mp4
185,gacs_emotional_shorts_02_DZQtVmKM.mp4
186,gacs_emotional_shorts_02_DZQtVmKM.mp4
187,gacs_emotional_shorts_02_DZQtVmKM.mp4
188,gacs_emotional_shorts_02_DZQtVmKM.mp4
189,gacs_emotional_shorts_02_DZQtVmKM.mp4
190,gacs_emotional_shorts_02_DZQtVmKM.mp4
191,gacs_emotional_shorts_02_DZQtVmKM.mp4
192,gacs_emotional_shorts_02_DZQtVmKM.mp4
193,gacs_emotional_shorts_02_DZQtVmKM.mp4
194,gacs_emotional_shorts_02_DZQtVmKM.mp4
195,gacs_emotional_shorts_02_DZQtVmKM.mp4
196,gacs_emotional_shorts_02_DZQtVmKM.mp4
197,gacs_emotional_shorts_02_DZQtVmKM.mp4
198,gacs_emotional_shorts_02_DZQtVmKM.mp4
199,gacs_emotional_shorts_02_DZQtVmKM.mp4
200,gacs_emotional_shorts_02_DZQtVmKM.mp4
201,gacs_emotional_shorts_02_DZQtVmKM.mp4
202,gacs_emotional_shorts_02_DZQtVmKM.mp4
203,gacs_emotional_shorts_02_DZQtVmKM.mp4
204,gacs_emotional_shorts_02_DZQtVmKM.mp4
205,gacs_emotional_shorts_02_DZQtVmKM.mp4
206,gacs_emotional_shorts_02_DZQtVmKM.mp4
207,gacs_emotional_shorts_02_DZQtVmKM.mp4
208,gacs_emotional_shorts_02_DZQtVmKM.mp4
209,gacs_emotional_shorts_02_DZQtVmKM.mp4
210,gacs_emotional_shorts_02_DZQtVmKM.mp4
211,gacs_emotional_shorts_02_DZQtVmKM.mp4
212,gacs_emotional_shorts_02_DZQtVmKM.mp4
213,gacs_emotional_shorts_02_DZQtVmKM.mp4
214,gacs_emotional_shorts_02_DZQtVmKM.mp4
215,gacs_emotional_shorts_02_DZQtVmKM.mp4
216,gacs_emotional_shorts_02_DZQtVmKM.mp4
217,gacs_emotional_shorts_02_DZQtVmKM.mp4
218,gacs_emotional_shorts_02_DZQtVmKM.mp4
6,gacs_movie_trailers_01_n9xhJrPX.mp4
7,gacs_movie_trailers_01_n9xhJrPX.mp4
8,gacs_movie_trailers_01_n9xhJrPX.mp4
10,gacs_movie_trailers_02_uYPbbksJ.mp4
11,gacs_movie_trailers_02_uYPbbksJ.mp4
12,gacs_movie_trailers_02_uYPbbksJ.mp4
13,gacs_movie_trailers_02_uYPbbksJ.mp4
14,gacs_movie_trailers_02_uYPbbksJ.mp4
15,gacs_movie_trailers_02_uYPbbksJ.mp4
0,gacs_advertisements_00_-avONMmQ.mp4
1,gacs_advertisements_00_-avONMmQ.mp4
2,gacs_advertisements_00_-avONMmQ.mp4
3,gacs_advertisements_00_-avONMmQ.mp4
4,gacs_advertisements_00_-avONMmQ.mp4
5,gacs_advertisements_00_-avONMmQ.mp4
6,gacs_advertisements_00_-avONMmQ.mp4
7,gacs_advertisements_00_-avONMmQ.mp4
8,gacs_advertisements_00_-avONMmQ.mp4
9,gacs_advertisements_00_-avONMmQ.mp4
10,gacs_advertisements_00_-avONMmQ.mp4
11,gacs_advertisements_00_-avONMmQ.mp4
12,gacs_advertisements_00_-avONMmQ.mp4
13,gacs_advertisements_00_-avONMmQ.mp4
14,gacs_advertisements_00_-avONMmQ.mp4
15,gacs_advertisements_00_-avONMmQ.mp4
0,gacs_advertisements_00_F4sJLG2z.mp4
1,gacs_advertisements_00_F4sJLG2z.mp4
2,gacs_advertisements_00_F4sJLG2z.mp4
0,gacs_advertisements_01_9G5luoju.mp4
1,gacs_advertisements_01_9G5luoju.mp4
2,gacs_advertisements_01_9G5luoju.mp4
3,gacs_advertisements_01_9G5luoju.mp4
4,gacs_advertisements_01_9G5luoju.mp4
5,gacs_advertisements_01_9G5luoju.mp4
6,gacs_advertisements_01_9G5luoju.mp4
7,gacs_advertisements_01_9G5luoju.mp4
8,gacs_advertisements_01_9G5luoju.mp4
9,gacs_advertisements_01_9G5luoju.mp4
10,gacs_advertisements_01_9G5luoju.mp4
11,gacs_advertisements_01_9G5luoju.mp4
12,gacs_advertisements_01_9G5luoju.mp4
0,gacs_advertisements_01_jBnseji3.mp4
1,gacs_advertisements_01_jBnseji3.mp4
2,gacs_advertisements_01_jBnseji3.mp4
3,gacs_advertisements_01_jBnseji3.mp4
4,gacs_advertisements_01_jBnseji3.mp4
5,gacs_advertisements_01_jBnseji3.mp4
6,gacs_advertisements_01_jBnseji3.mp4
7,gacs_advertisements_01_jBnseji3.mp4
8,gacs_advertisements_01_jBnseji3.mp4
9,gacs_advertisements_01_jBnseji3.mp4
10,gacs_advertisements_01_jBnseji3.mp4
11,gacs_advertisements_01_jBnseji3.mp4
12,gacs_advertisements_01_jBnseji3.mp4
0,gacs_advertisements_02_VGa1imAp.mp4
1,gacs_advertisements_02_VGa1imAp.mp4
2,gacs_advertisements_02_VGa1imAp.mp4
3,gacs_advertisements_02_VGa1imAp.mp4
4,gacs_advertisements_02_VGa1imAp.mp4
5,gacs_advertisements_02_VGa1imAp.mp4
6,gacs_advertisements_02_VGa1imAp.mp4
7,gacs_advertisements_02_VGa1imAp.mp4
8,gacs_advertisements_02_VGa1imAp.mp4
9,gacs_advertisements_02_VGa1imAp.mp4
10,gacs_advertisements_02_VGa1imAp.mp4
11,gacs_advertisements_02_VGa1imAp.mp4
12,gacs_advertisements_02_VGa1imAp.mp4
13,gacs_advertisements_02_VGa1imAp.mp4
0,gacs_advertisements_02_WDld_tTL.mp4
1,gacs_advertisements_02_WDld_tTL.mp4
2,gacs_advertisements_02_WDld_tTL.mp4
3,gacs_advertisements_02_WDld_tTL.mp4
4,gacs_advertisements_02_WDld_tTL.mp4
0,gacs_animations_00_-HMqv0zl.mp4
1,gacs_animations_00_-HMqv0zl.mp4
0,gacs_animations_00_WIPV1iwz.mp4
1,gacs_animations_00_WIPV1iwz.mp4
2,gacs_animations_00_WIPV1iwz.mp4
3,gacs_animations_00_WIPV1iwz.mp4
4,gacs_animations_00_WIPV1iwz.mp4
5,gacs_animations_00_WIPV1iwz.mp4
6,gacs_animations_00_WIPV1iwz.mp4
7,gacs_animations_00_WIPV1iwz.mp4
8,gacs_animations_00_WIPV1iwz.mp4
9,gacs_animations_00_WIPV1iwz.mp4
10,gacs_animations_00_WIPV1iwz.mp4
11,gacs_animations_00_WIPV1iwz.mp4
12,gacs_animations_00_WIPV1iwz.mp4
13,gacs_animations_00_WIPV1iwz.mp4
14,gacs_animations_00_WIPV1iwz.mp4
0,gacs_animations_01_CWnqX41J.mp4
1,gacs_animations_01_CWnqX41J.mp4
2,gacs_animations_01_CWnqX41J.mp4
3,gacs_animations_01_CWnqX41J.mp4
4,gacs_animations_01_CWnqX41J.mp4
5,gacs_animations_01_CWnqX41J.mp4
6,gacs_animations_01_CWnqX41J.mp4
7,gacs_animations_01_CWnqX41J.mp4
8,gacs_animations_01_CWnqX41J.mp4
9,gacs_animations_01_CWnqX41J.mp4
10,gacs_animations_01_CWnqX41J.mp4
11,gacs_animations_01_CWnqX41J.mp4
0,gacs_animations_01_hJnAHzo4.mp4
1,gacs_animations_01_hJnAHzo4.mp4
2,gacs_animations_01_hJnAHzo4.mp4
3,gacs_animations_01_hJnAHzo4.mp4
4,gacs_animations_01_hJnAHzo4.mp4
5,gacs_animations_01_hJnAHzo4.mp4
6,gacs_animations_01_hJnAHzo4.mp4
7,gacs_animations_01_hJnAHzo4.mp4
8,gacs_animations_01_hJnAHzo4.mp4
9,gacs_animations_01_hJnAHzo4.mp4
10,gacs_animations_01_hJnAHzo4.mp4
11,gacs_animations_01_hJnAHzo4.mp4
12,gacs_animations_01_hJnAHzo4.mp4
13,gacs_animations_01_hJnAHzo4.mp4
0,gacs_animations_02_lTxn2Buq.mp4
1,gacs_animations_02_lTxn2Buq.mp4
2,gacs_animations_02_lTxn2Buq.mp4
3,gacs_animations_02_lTxn2Buq.mp4
4,gacs_animations_02_lTxn2Buq.mp4
5,gacs_animations_02_lTxn2Buq.mp4
6,gacs_animations_02_lTxn2Buq.mp4
7,gacs_animations_02_lTxn2Buq.mp4
8,gacs_animations_02_lTxn2Buq.mp4
9,gacs_animations_02_lTxn2Buq.mp4
10,gacs_animations_02_lTxn2Buq.mp4
11,gacs_animations_02_lTxn2Buq.mp4
12,gacs_animations_02_lTxn2Buq.mp4
13,gacs_animations_02_lTxn2Buq.mp4
14,gacs_animations_02_lTxn2Buq.mp4
15,gacs_animations_02_lTxn2Buq.mp4
0,gacs_animations_02_qLGNj-xr.mp4
1,gacs_animations_02_qLGNj-xr.mp4
2,gacs_animations_02_qLGNj-xr.mp4
3,gacs_animations_02_qLGNj-xr.mp4
4,gacs_animations_02_qLGNj-xr.mp4
5,gacs_animations_02_qLGNj-xr.mp4
6,gacs_animations_02_qLGNj-xr.mp4
7,gacs_animations_02_qLGNj-xr.mp4
8,gacs_animations_02_qLGNj-xr.mp4
9,gacs_animations_02_qLGNj-xr.mp4
10,gacs_animations_02_qLGNj-xr.mp4
11,gacs_animations_02_qLGNj-xr.mp4
12,gacs_animations_02_qLGNj-xr.mp4
13,gacs_animations_02_qLGNj-xr.mp4
14,gacs_animations_02_qLGNj-xr.mp4
15,gacs_animations_02_qLGNj-xr.mp4
0,gacs_emotional_shorts_00_44buVmzh.mp4
1,gacs_emotional_shorts_00_44buVmzh.mp4
2,gacs_emotional_shorts_00_44buVmzh.mp4
3,gacs_emotional_shorts_00_44buVmzh.mp4
4,gacs_emotional_shorts_00_44buVmzh.mp4
5,gacs_emotional_shorts_00_44buVmzh.mp4
6,gacs_emotional_shorts_00_44buVmzh.mp4
7,gacs_emotional_shorts_00_44buVmzh.mp4
8,gacs_emotional_shorts_00_44buVmzh.mp4
9,gacs_emotional_shorts_00_44buVmzh.mp4
10,gacs_emotional_shorts_00_44buVmzh.mp4
11,gacs_emotional_shorts_00_44buVmzh.mp4
12,gacs_emotional_shorts_00_44buVmzh.mp4
13,gacs_emotional_shorts_00_44buVmzh.mp4
14,gacs_emotional_shorts_00_44buVmzh.mp4
0,gacs_emotional_shorts_00_WAmw-erI.mp4
1,gacs_emotional_shorts_00_WAmw-erI.mp4
2,gacs_emotional_shorts_00_WAmw-erI.mp4
3,gacs_emotional_shorts_00_WAmw-erI.mp4
4,gacs_emotional_shorts_00_WAmw-erI.mp4
5,gacs_emotional_shorts_00_WAmw-erI.mp4
6,gacs_emotional_shorts_00_WAmw-erI.mp4
7,gacs_emotional_shorts_00_WAmw-erI.mp4
8,gacs_emotional_shorts_00_WAmw-erI.mp4
9,gacs_emotional_shorts_00_WAmw-erI.mp4
10,gacs_emotional_shorts_00_WAmw-erI.mp4
11,gacs_emotional_shorts_00_WAmw-erI.mp4
12,gacs_emotional_shorts_00_WAmw-erI.mp4
13,gacs_emotional_shorts_00_WAmw-erI.mp4
14,gacs_emotional_shorts_00_WAmw-erI.mp4
0,gacs_emotional_shorts_01_Jzt3pQmF.mp4
1,gacs_emotional_shorts_01_Jzt3pQmF.mp4
2,gacs_emotional_shorts_01_Jzt3pQmF.mp4
0,gacs_emotional_shorts_01_LIed92r8.mp4
1,gacs_emotional_shorts_01_LIed92r8.mp4
2,gacs_emotional_shorts_01_LIed92r8.mp4
3,gacs_emotional_shorts_01_LIed92r8.mp4
4,gacs_emotional_shorts_01_LIed92r8.mp4
5,gacs_emotional_shorts_01_LIed92r8.mp4
6,gacs_emotional_shorts_01_LIed92r8.mp4
7,gacs_emotional_shorts_01_LIed92r8.mp4
8,gacs_emotional_shorts_01_LIed92r8.mp4
9,gacs_emotional_shorts_01_LIed92r8.mp4
10,gacs_emotional_shorts_01_LIed92r8.mp4
11,gacs_emotional_shorts_01_LIed92r8.mp4
12,gacs_emotional_shorts_01_LIed92r8.mp4
13,gacs_emotional_shorts_01_LIed92r8.mp4
14,gacs_emotional_shorts_01_LIed92r8.mp4
0,gacs_emotional_shorts_02_DZQtVmKM.mp4
1,gacs_emotional_shorts_02_DZQtVmKM.mp4
2,gacs_emotional_shorts_02_DZQtVmKM.mp4
3,gacs_emotional_shorts_02_DZQtVmKM.mp4
4,gacs_emotional_shorts_02_DZQtVmKM.mp4
5,gacs_emotional_shorts_02_DZQtVmKM.mp4
6,gacs_emotional_shorts_02_DZQtVmKM.mp4
0,gacs_emotional_shorts_02_VpkiVRxH.mp4
1,gacs_emotional_shorts_02_VpkiVRxH.mp4
2,gacs_emotional_shorts_02_VpkiVRxH.mp4
3,gacs_emotional_shorts_02_VpkiVRxH.mp4
4,gacs_emotional_shorts_02_VpkiVRxH.mp4
5,gacs_emotional_shorts_02_VpkiVRxH.mp4
0,gacs_movie_trailers_00_mqqft2x_.mp4
1,gacs_movie_trailers_00_mqqft2x_.mp4
2,gacs_movie_trailers_00_mqqft2x_.mp4
0,gacs_movie_trailers_00_UDfjsSqC.mp4
1,gacs_movie_trailers_00_UDfjsSqC.mp4
2,gacs_movie_trailers_00_UDfjsSqC.mp4
0,gacs_movie_trailers_01_fsQgc9pC.mp4
1,gacs_movie_trailers_01_fsQgc9pC.mp4
2,gacs_movie_trailers_01_fsQgc9pC.mp4
3,gacs_movie_trailers_01_fsQgc9pC.mp4
4,gacs_movie_trailers_01_fsQgc9pC.mp4
5,gacs_movie_trailers_01_fsQgc9pC.mp4
6,gacs_movie_trailers_01_fsQgc9pC.mp4
7,gacs_movie_trailers_01_fsQgc9pC.mp4
8,gacs_movie_trailers_01_fsQgc9pC.mp4
9,gacs_movie_trailers_01_fsQgc9pC.mp4
10,gacs_movie_trailers_01_fsQgc9pC.mp4
0,gacs_movie_trailers_01_n9xhJrPX.mp4
1,gacs_movie_trailers_01_n9xhJrPX.mp4
2,gacs_movie_trailers_01_n9xhJrPX.mp4
3,gacs_movie_trailers_01_n9xhJrPX.mp4
4,gacs_movie_trailers_01_n9xhJrPX.mp4
5,gacs_movie_trailers_01_n9xhJrPX.mp4
0,gacs_movie_trailers_02_nb_fFj_0.mp4
1,gacs_movie_trailers_02_nb_fFj_0.mp4
2,gacs_movie_trailers_02_nb_fFj_0.mp4
3,gacs_movie_trailers_02_nb_fFj_0.mp4
4,gacs_movie_trailers_02_nb_fFj_0.mp4
5,gacs_movie_trailers_02_nb_fFj_0.mp4
6,gacs_movie_trailers_02_nb_fFj_0.mp4
7,gacs_movie_trailers_02_nb_fFj_0.mp4
8,gacs_movie_trailers_02_nb_fFj_0.mp4
0,gacs_movie_trailers_02_uYPbbksJ.mp4
1,gacs_movie_trailers_02_uYPbbksJ.mp4
2,gacs_movie_trailers_02_uYPbbksJ.mp4
3,gacs_movie_trailers_02_uYPbbksJ.mp4
4,gacs_movie_trailers_02_uYPbbksJ.mp4
5,gacs_movie_trailers_02_uYPbbksJ.mp4
6,gacs_movie_trailers_02_uYPbbksJ.mp4
7,gacs_movie_trailers_02_uYPbbksJ.mp4
8,gacs_movie_trailers_02_uYPbbksJ.mp4
9,gacs_movie_trailers_02_uYPbbksJ.mp4
0,gacs_advertisements_01_DnWykPvf.mp4
1,gacs_advertisements_01_DnWykPvf.mp4
2,gacs_advertisements_01_DnWykPvf.mp4
3,gacs_advertisements_01_DnWykPvf.mp4
4,gacs_advertisements_01_DnWykPvf.mp4
5,gacs_advertisements_01_DnWykPvf.mp4
6,gacs_advertisements_01_DnWykPvf.mp4
0,gacs_advertisements_02_DsonSEll.mp4
1,gacs_advertisements_02_DsonSEll.mp4
2,gacs_advertisements_02_DsonSEll.mp4
3,gacs_advertisements_02_DsonSEll.mp4
4,gacs_advertisements_02_DsonSEll.mp4
5,gacs_advertisements_02_DsonSEll.mp4
6,gacs_advertisements_02_DsonSEll.mp4
7,gacs_advertisements_02_DsonSEll.mp4
8,gacs_advertisements_02_DsonSEll.mp4
9,gacs_advertisements_02_DsonSEll.mp4
10,gacs_advertisements_02_DsonSEll.mp4
0,gacs_advertisements_03_peuPOPIh.mp4
1,gacs_advertisements_03_peuPOPIh.mp4
2,gacs_advertisements_03_peuPOPIh.mp4
3,gacs_advertisements_03_peuPOPIh.mp4
4,gacs_advertisements_03_peuPOPIh.mp4
5,gacs_advertisements_03_peuPOPIh.mp4
6,gacs_advertisements_03_peuPOPIh.mp4
7,gacs_advertisements_03_peuPOPIh.mp4
8,gacs_advertisements_03_peuPOPIh.mp4
9,gacs_advertisements_03_peuPOPIh.mp4
0,gacs_advertisements_04_w7oDM_as.mp4
1,gacs_advertisements_04_w7oDM_as.mp4
2,gacs_advertisements_04_w7oDM_as.mp4
3,gacs_advertisements_04_w7oDM_as.mp4
4,gacs_advertisements_04_w7oDM_as.mp4
5,gacs_advertisements_04_w7oDM_as.mp4
6,gacs_advertisements_04_w7oDM_as.mp4
7,gacs_advertisements_04_w7oDM_as.mp4
8,gacs_advertisements_04_w7oDM_as.mp4
9,gacs_advertisements_04_w7oDM_as.mp4
10,gacs_advertisements_04_w7oDM_as.mp4
11,gacs_advertisements_04_w7oDM_as.mp4
12,gacs_advertisements_04_w7oDM_as.mp4
0,gacs_advertisements_04_w7oDM_as.temp.mp4
1,gacs_advertisements_04_w7oDM_as.temp.mp4
2,gacs_advertisements_04_w7oDM_as.temp.mp4
3,gacs_advertisements_04_w7oDM_as.temp.mp4
4,gacs_advertisements_04_w7oDM_as.temp.mp4
5,gacs_advertisements_04_w7oDM_as.temp.mp4
6,gacs_advertisements_04_w7oDM_as.temp.mp4
7,gacs_advertisements_04_w7oDM_as.temp.mp4
8,gacs_advertisements_04_w7oDM_as.temp.mp4
9,gacs_advertisements_04_w7oDM_as.temp.mp4
10,gacs_advertisements_04_w7oDM_as.temp.mp4
11,gacs_advertisements_04_w7oDM_as.temp.mp4
12,gacs_advertisements_04_w7oDM_as.temp.mp4
0,gacs_animations_00_hXzcyx9V.mp4
1,gacs_animations_00_hXzcyx9V.mp4
2,gacs_animations_00_hXzcyx9V.mp4
3,gacs_animations_00_hXzcyx9V.mp4
4,gacs_animations_00_hXzcyx9V.mp4
5,gacs_animations_00_hXzcyx9V.mp4
6,gacs_animations_00_hXzcyx9V.mp4
7,gacs_animations_00_hXzcyx9V.mp4
8,gacs_animations_00_hXzcyx9V.mp4
9,gacs_animations_00_hXzcyx9V.mp4
10,gacs_animations_00_hXzcyx9V.mp4
11,gacs_animations_00_hXzcyx9V.mp4
12,gacs_animations_00_hXzcyx9V.mp4
13,gacs_animations_00_hXzcyx9V.mp4
14,gacs_animations_00_hXzcyx9V.mp4
0,gacs_animations_01_O515YeHQ.mp4
1,gacs_animations_01_O515YeHQ.mp4
2,gacs_animations_01_O515YeHQ.mp4
3,gacs_animations_01_O515YeHQ.mp4
4,gacs_animations_01_O515YeHQ.mp4
5,gacs_animations_01_O515YeHQ.mp4
6,gacs_animations_01_O515YeHQ.mp4
7,gacs_animations_01_O515YeHQ.mp4
8,gacs_animations_01_O515YeHQ.mp4
9,gacs_animations_01_O515YeHQ.mp4
10,gacs_animations_01_O515YeHQ.mp4
11,gacs_animations_01_O515YeHQ.mp4
0,gacs_animations_02_1o8GWhoD.mp4
1,gacs_animations_02_1o8GWhoD.mp4
2,gacs_animations_02_1o8GWhoD.mp4
3,gacs_animations_02_1o8GWhoD.mp4
4,gacs_animations_02_1o8GWhoD.mp4
5,gacs_animations_02_1o8GWhoD.mp4
6,gacs_animations_02_1o8GWhoD.mp4
7,gacs_animations_02_1o8GWhoD.mp4
8,gacs_animations_02_1o8GWhoD.mp4
9,gacs_animations_02_1o8GWhoD.mp4
10,gacs_animations_02_1o8GWhoD.mp4
11,gacs_animations_02_1o8GWhoD.mp4
12,gacs_animations_02_1o8GWhoD.mp4
13,gacs_animations_02_1o8GWhoD.mp4
14,gacs_animations_02_1o8GWhoD.mp4
15,gacs_animations_02_1o8GWhoD.mp4
0,gacs_animations_03_VWavstJy.mp4
1,gacs_animations_03_VWavstJy.mp4
2,gacs_animations_03_VWavstJy.mp4
3,gacs_animations_03_VWavstJy.mp4
4,gacs_animations_03_VWavstJy.mp4
5,gacs_animations_03_VWavstJy.mp4
6,gacs_animations_03_VWavstJy.mp4
7,gacs_animations_03_VWavstJy.mp4
8,gacs_animations_03_VWavstJy.mp4
9,gacs_animations_03_VWavstJy.mp4
0,gacs_animations_04_cqGjhVJW.mp4
1,gacs_animations_04_cqGjhVJW.mp4
2,gacs_animations_04_cqGjhVJW.mp4
3,gacs_animations_04_cqGjhVJW.mp4
4,gacs_animations_04_cqGjhVJW.mp4
5,gacs_animations_04_cqGjhVJW.mp4
6,gacs_animations_04_cqGjhVJW.mp4
7,gacs_animations_04_cqGjhVJW.mp4
0,gacs_emotional_shorts_00_qm5hen3q.mp4
1,gacs_emotional_shorts_00_qm5hen3q.mp4
2,gacs_emotional_shorts_00_qm5hen3q.mp4
3,gacs_emotional_shorts_00_qm5hen3q.mp4
4,gacs_emotional_shorts_00_qm5hen3q.mp4
5,gacs_emotional_shorts_00_qm5hen3q.mp4
6,gacs_emotional_shorts_00_qm5hen3q.mp4
7,gacs_emotional_shorts_00_qm5hen3q.mp4
8,gacs_emotional_shorts_00_qm5hen3q.mp4
9,gacs_emotional_shorts_00_qm5hen3q.mp4
0,gacs_emotional_shorts_01_hCOOAE_s.mp4
1,gacs_emotional_shorts_01_hCOOAE_s.mp4
2,gacs_emotional_shorts_01_hCOOAE_s.mp4
3,gacs_emotional_shorts_01_hCOOAE_s.mp4
4,gacs_emotional_shorts_01_hCOOAE_s.mp4
5,gacs_emotional_shorts_01_hCOOAE_s.mp4
6,gacs_emotional_shorts_01_hCOOAE_s.mp4
7,gacs_emotional_shorts_01_hCOOAE_s.mp4
8,gacs_emotional_shorts_01_hCOOAE_s.mp4
9,gacs_emotional_shorts_01_hCOOAE_s.mp4
10,gacs_emotional_shorts_01_hCOOAE_s.mp4
11,gacs_emotional_shorts_01_hCOOAE_s.mp4
12,gacs_emotional_shorts_01_hCOOAE_s.mp4
0,gacs_emotional_shorts_02_R2KyQF34.mp4
1,gacs_emotional_shorts_02_R2KyQF34.mp4
2,gacs_emotional_shorts_02_R2KyQF34.mp4
3,gacs_emotional_shorts_02_R2KyQF34.mp4
4,gacs_emotional_shorts_02_R2KyQF34.mp4
0,gacs_emotional_shorts_03_NEpfRHly.mp4
1,gacs_emotional_shorts_03_NEpfRHly.mp4
2,gacs_emotional_shorts_03_NEpfRHly.mp4
3,gacs_emotional_shorts_03_NEpfRHly.mp4
4,gacs_emotional_shorts_03_NEpfRHly.mp4
5,gacs_emotional_shorts_03_NEpfRHly.mp4
0,gacs_emotional_shorts_04_C2RsYF1B.mp4
1,gacs_emotional_shorts_04_C2RsYF1B.mp4
2,gacs_emotional_shorts_04_C2RsYF1B.mp4
3,gacs_emotional_shorts_04_C2RsYF1B.mp4
4,gacs_emotional_shorts_04_C2RsYF1B.mp4
5,gacs_emotional_shorts_04_C2RsYF1B.mp4
6,gacs_emotional_shorts_04_C2RsYF1B.mp4
7,gacs_emotional_shorts_04_C2RsYF1B.mp4
8,gacs_emotional_shorts_04_C2RsYF1B.mp4
0,gacs_movie_trailers_00_ew7aQG7a.mp4
1,gacs_movie_trailers_00_ew7aQG7a.mp4
2,gacs_movie_trailers_00_ew7aQG7a.mp4
3,gacs_movie_trailers_00_ew7aQG7a.mp4
0,gacs_movie_trailers_01_JfVOs4VS.mp4
1,gacs_movie_trailers_01_JfVOs4VS.mp4
2,gacs_movie_trailers_01_JfVOs4VS.mp4
3,gacs_movie_trailers_01_JfVOs4VS.mp4
4,gacs_movie_trailers_01_JfVOs4VS.mp4
5,gacs_movie_trailers_01_JfVOs4VS.mp4
6,gacs_movie_trailers_01_JfVOs4VS.mp4
7,gacs_movie_trailers_01_JfVOs4VS.mp4
8,gacs_movie_trailers_01_JfVOs4VS.mp4
9,gacs_movie_trailers_01_JfVOs4VS.mp4
10,gacs_movie_trailers_01_JfVOs4VS.mp4
0,gacs_movie_trailers_02_32RAq6Jz.mp4
1,gacs_movie_trailers_02_32RAq6Jz.mp4
2,gacs_movie_trailers_02_32RAq6Jz.mp4
3,gacs_movie_trailers_02_32RAq6Jz.mp4
4,gacs_movie_trailers_02_32RAq6Jz.mp4
5,gacs_movie_trailers_02_32RAq6Jz.mp4
6,gacs_movie_trailers_02_32RAq6Jz.mp4
7,gacs_movie_trailers_02_32RAq6Jz.mp4
8,gacs_movie_trailers_02_32RAq6Jz.mp4
0,gacs_movie_trailers_03__Z3QKkl1.mp4
1,gacs_movie_trailers_03__Z3QKkl1.mp4
2,gacs_movie_trailers_03__Z3QKkl1.mp4
3,gacs_movie_trailers_03__Z3QKkl1.mp4
4,gacs_movie_trailers_03__Z3QKkl1.mp4
5,gacs_movie_trailers_03__Z3QKkl1.mp4
0,gacs_movie_trailers_04_qSqVVswa.mp4
1,gacs_movie_trailers_04_qSqVVswa.mp4
2,gacs_movie_trailers_04_qSqVVswa.mp4
3,gacs_movie_trailers_04_qSqVVswa.mp4
4,gacs_movie_trailers_04_qSqVVswa.mp4
5,gacs_movie_trailers_04_qSqVVswa.mp4
6,gacs_movie_trailers_04_qSqVVswa.mp4
7,gacs_movie_trailers_04_qSqVVswa.mp4
8,gacs_movie_trailers_04_qSqVVswa.mp4
9,gacs_movie_trailers_04_qSqVVswa.mp4
10,gacs_movie_trailers_04_qSqVVswa.mp4
0,gacs_advertisements_00_fo4LLux-.mp4
1,gacs_advertisements_00_fo4LLux-.mp4
2,gacs_advertisements_00_fo4LLux-.mp4
3,gacs_advertisements_00_fo4LLux-.mp4
4,gacs_advertisements_00_fo4LLux-.mp4
5,gacs_advertisements_00_fo4LLux-.mp4
6,gacs_advertisements_00_fo4LLux-.mp4
7,gacs_advertisements_00_fo4LLux-.mp4
8,gacs_advertisements_00_fo4LLux-.mp4
9,gacs_advertisements_00_fo4LLux-.mp4
10,gacs_advertisements_00_fo4LLux-.mp4
11,gacs_advertisements_00_fo4LLux-.mp4
12,gacs_advertisements_00_fo4LLux-.mp4
13,gacs_advertisements_00_fo4LLux-.mp4
14,gacs_advertisements_00_fo4LLux-.mp4
0,gacs_advertisements_02_YG8kLlRw.mp4
1,gacs_advertisements_02_YG8kLlRw.mp4
2,gacs_advertisements_02_YG8kLlRw.mp4
3,gacs_advertisements_02_YG8kLlRw.mp4
4,gacs_advertisements_02_YG8kLlRw.mp4
5,gacs_advertisements_02_YG8kLlRw.mp4
6,gacs_advertisements_02_YG8kLlRw.mp4
7,gacs_advertisements_02_YG8kLlRw.mp4
8,gacs_advertisements_02_YG8kLlRw.mp4
9,gacs_advertisements_02_YG8kLlRw.mp4
10,gacs_advertisements_02_YG8kLlRw.mp4
11,gacs_advertisements_02_YG8kLlRw.mp4
12,gacs_advertisements_02_YG8kLlRw.mp4
13,gacs_advertisements_02_YG8kLlRw.mp4
14,gacs_advertisements_02_YG8kLlRw.mp4
0,gacs_advertisements_03_mC-NysO3.mp4
1,gacs_advertisements_03_mC-NysO3.mp4
2,gacs_advertisements_03_mC-NysO3.mp4
0,gacs_advertisements_04_YU7TcxwF.mp4
1,gacs_advertisements_04_YU7TcxwF.mp4
2,gacs_advertisements_04_YU7TcxwF.mp4
3,gacs_advertisements_04_YU7TcxwF.mp4
4,gacs_advertisements_04_YU7TcxwF.mp4
5,gacs_advertisements_04_YU7TcxwF.mp4
6,gacs_advertisements_04_YU7TcxwF.mp4
7,gacs_advertisements_04_YU7TcxwF.mp4
8,gacs_advertisements_04_YU7TcxwF.mp4
9,gacs_advertisements_04_YU7TcxwF.mp4
10,gacs_advertisements_04_YU7TcxwF.mp4
11,gacs_advertisements_04_YU7TcxwF.mp4
12,gacs_advertisements_04_YU7TcxwF.mp4
0,gacs_animations_00_ysqiEC6b.mp4
1,gacs_animations_00_ysqiEC6b.mp4
2,gacs_animations_00_ysqiEC6b.mp4
3,gacs_animations_00_ysqiEC6b.mp4
4,gacs_animations_00_ysqiEC6b.mp4
5,gacs_animations_00_ysqiEC6b.mp4
6,gacs_animations_00_ysqiEC6b.mp4
0,gacs_animations_01_taE3Pwur.mp4
1,gacs_animations_01_taE3Pwur.mp4
2,gacs_animations_01_taE3Pwur.mp4
3,gacs_animations_01_taE3Pwur.mp4
4,gacs_animations_01_taE3Pwur.mp4
5,gacs_animations_01_taE3Pwur.mp4
6,gacs_animations_01_taE3Pwur.mp4
7,gacs_animations_01_taE3Pwur.mp4
8,gacs_animations_01_taE3Pwur.mp4
9,gacs_animations_01_taE3Pwur.mp4
0,gacs_animations_02_shW9i6k8.mp4
1,gacs_animations_02_shW9i6k8.mp4
2,gacs_animations_02_shW9i6k8.mp4
3,gacs_animations_02_shW9i6k8.mp4
4,gacs_animations_02_shW9i6k8.mp4
5,gacs_animations_02_shW9i6k8.mp4
6,gacs_animations_02_shW9i6k8.mp4
7,gacs_animations_02_shW9i6k8.mp4
8,gacs_animations_02_shW9i6k8.mp4
9,gacs_animations_02_shW9i6k8.mp4
10,gacs_animations_02_shW9i6k8.mp4
0,gacs_animations_03_xOsLIiBS.mp4
1,gacs_animations_03_xOsLIiBS.mp4
2,gacs_animations_03_xOsLIiBS.mp4
3,gacs_animations_03_xOsLIiBS.mp4
4,gacs_animations_03_xOsLIiBS.mp4
5,gacs_animations_03_xOsLIiBS.mp4
6,gacs_animations_03_xOsLIiBS.mp4
7,gacs_animations_03_xOsLIiBS.mp4
8,gacs_animations_03_xOsLIiBS.mp4
9,gacs_animations_03_xOsLIiBS.mp4
0,gacs_animations_04_h9h-2ENa.mp4
1,gacs_animations_04_h9h-2ENa.mp4
2,gacs_animations_04_h9h-2ENa.mp4
3,gacs_animations_04_h9h-2ENa.mp4
0,gacs_emotional_shorts_00_78hzXX60.mp4
1,gacs_emotional_shorts_00_78hzXX60.mp4
2,gacs_emotional_shorts_00_78hzXX60.mp4
3,gacs_emotional_shorts_00_78hzXX60.mp4
4,gacs_emotional_shorts_00_78hzXX60.mp4
5,gacs_emotional_shorts_00_78hzXX60.mp4
6,gacs_emotional_shorts_00_78hzXX60.mp4
7,gacs_emotional_shorts_00_78hzXX60.mp4
8,gacs_emotional_shorts_00_78hzXX60.mp4
9,gacs_emotional_shorts_00_78hzXX60.mp4
10,gacs_emotional_shorts_00_78hzXX60.mp4
11,gacs_emotional_shorts_00_78hzXX60.mp4
12,gacs_emotional_shorts_00_78hzXX60.mp4
0,gacs_emotional_shorts_01_n5U8Z7VY.mp4
1,gacs_emotional_shorts_01_n5U8Z7VY.mp4
2,gacs_emotional_shorts_01_n5U8Z7VY.mp4
3,gacs_emotional_shorts_01_n5U8Z7VY.mp4
4,gacs_emotional_shorts_01_n5U8Z7VY.mp4
5,gacs_emotional_shorts_01_n5U8Z7VY.mp4
6,gacs_emotional_shorts_01_n5U8Z7VY.mp4
7,gacs_emotional_shorts_01_n5U8Z7VY.mp4
8,gacs_emotional_shorts_01_n5U8Z7VY.mp4
9,gacs_emotional_shorts_01_n5U8Z7VY.mp4
10,gacs_emotional_shorts_01_n5U8Z7VY.mp4
11,gacs_emotional_shorts_01_n5U8Z7VY.mp4
12,gacs_emotional_shorts_01_n5U8Z7VY.mp4
0,gacs_emotional_shorts_03_lEDHRh8g.mp4
1,gacs_emotional_shorts_03_lEDHRh8g.mp4
2,gacs_emotional_shorts_03_lEDHRh8g.mp4
3,gacs_emotional_shorts_03_lEDHRh8g.mp4
4,gacs_emotional_shorts_03_lEDHRh8g.mp4
5,gacs_emotional_shorts_03_lEDHRh8g.mp4
6,gacs_emotional_shorts_03_lEDHRh8g.mp4
7,gacs_emotional_shorts_03_lEDHRh8g.mp4
8,gacs_emotional_shorts_03_lEDHRh8g.mp4
9,gacs_emotional_shorts_03_lEDHRh8g.mp4
10,gacs_emotional_shorts_03_lEDHRh8g.mp4
11,gacs_emotional_shorts_03_lEDHRh8g.mp4
12,gacs_emotional_shorts_03_lEDHRh8g.mp4
0,gacs_movie_trailers_01_9ix7TUGV.mp4
1,gacs_movie_trailers_01_9ix7TUGV.mp4
2,gacs_movie_trailers_01_9ix7TUGV.mp4
3,gacs_movie_trailers_01_9ix7TUGV.mp4
4,gacs_movie_trailers_01_9ix7TUGV.mp4
5,gacs_movie_trailers_01_9ix7TUGV.mp4
6,gacs_movie_trailers_01_9ix7TUGV.mp4
7,gacs_movie_trailers_01_9ix7TUGV.mp4
8,gacs_movie_trailers_01_9ix7TUGV.mp4
9,gacs_movie_trailers_01_9ix7TUGV.mp4
10,gacs_movie_trailers_01_9ix7TUGV.mp4
0,gacs_movie_trailers_02_aWzlQ2N6.mp4
1,gacs_movie_trailers_02_aWzlQ2N6.mp4
2,gacs_movie_trailers_02_aWzlQ2N6.mp4
3,gacs_movie_trailers_02_aWzlQ2N6.mp4
4,gacs_movie_trailers_02_aWzlQ2N6.mp4
5,gacs_movie_trailers_02_aWzlQ2N6.mp4
6,gacs_movie_trailers_02_aWzlQ2N6.mp4
0,gacs_movie_trailers_03_Go8nTmfr.mp4
1,gacs_movie_trailers_03_Go8nTmfr.mp4
2,gacs_movie_trailers_03_Go8nTmfr.mp4
3,gacs_movie_trailers_03_Go8nTmfr.mp4
4,gacs_movie_trailers_03_Go8nTmfr.mp4
5,gacs_movie_trailers_03_Go8nTmfr.mp4
6,gacs_movie_trailers_03_Go8nTmfr.mp4
7,gacs_movie_trailers_03_Go8nTmfr.mp4
8,gacs_movie_trailers_03_Go8nTmfr.mp4
9,gacs_movie_trailers_03_Go8nTmfr.mp4
10,gacs_movie_trailers_03_Go8nTmfr.mp4
0,gacs_movie_trailers_04_x_me3xsv.mp4
1,gacs_movie_trailers_04_x_me3xsv.mp4
2,gacs_movie_trailers_04_x_me3xsv.mp4
3,gacs_movie_trailers_04_x_me3xsv.mp4
4,gacs_movie_trailers_04_x_me3xsv.mp4
5,gacs_movie_trailers_04_x_me3xsv.mp4
6,gacs_movie_trailers_04_x_me3xsv.mp4
7,gacs_movie_trailers_04_x_me3xsv.mp4
8,gacs_movie_trailers_04_x_me3xsv.mp4
9,gacs_movie_trailers_04_x_me3xsv.mp4
0,gacs_advertisements_03_9Bo2OIxp.mp4
1,gacs_advertisements_03_9Bo2OIxp.mp4
2,gacs_advertisements_03_9Bo2OIxp.mp4
3,gacs_advertisements_03_9Bo2OIxp.mp4
4,gacs_advertisements_03_9Bo2OIxp.mp4
5,gacs_advertisements_03_9Bo2OIxp.mp4
6,gacs_advertisements_03_9Bo2OIxp.mp4
7,gacs_advertisements_03_9Bo2OIxp.mp4
8,gacs_advertisements_03_9Bo2OIxp.mp4
9,gacs_advertisements_03_9Bo2OIxp.mp4
10,gacs_advertisements_03_9Bo2OIxp.mp4
11,gacs_advertisements_03_9Bo2OIxp.mp4
12,gacs_advertisements_03_9Bo2OIxp.mp4
0,gacs_emotional_shorts_03_KnEBs_-j.mp4
1,gacs_emotional_shorts_03_KnEBs_-j.mp4
2,gacs_emotional_shorts_03_KnEBs_-j.mp4
3,gacs_emotional_shorts_03_KnEBs_-j.mp4
4,gacs_emotional_shorts_03_KnEBs_-j.mp4
5,gacs_emotional_shorts_03_KnEBs_-j.mp4
6,gacs_emotional_shorts_03_KnEBs_-j.mp4
0,gacs_emotional_shorts_04_fz6ylIim.mp4
1,gacs_emotional_shorts_04_fz6ylIim.mp4
2,gacs_emotional_shorts_04_fz6ylIim.mp4
3,gacs_emotional_shorts_04_fz6ylIim.mp4
4,gacs_emotional_shorts_04_fz6ylIim.mp4
5,gacs_emotional_shorts_04_fz6ylIim.mp4
6,gacs_emotional_shorts_04_fz6ylIim.mp4
7,gacs_emotional_shorts_04_fz6ylIim.mp4
8,gacs_emotional_shorts_04_fz6ylIim.mp4
9,gacs_emotional_shorts_04_fz6ylIim.mp4
10,gacs_emotional_shorts_04_fz6ylIim.mp4
11,gacs_emotional_shorts_04_fz6ylIim.mp4
12,gacs_emotional_shorts_04_fz6ylIim.mp4
13,gacs_emotional_shorts_04_fz6ylIim.mp4
14,gacs_emotional_shorts_04_fz6ylIim.mp4
0,gacs_movie_trailers_00_Way9Dexn.mp4
1,gacs_movie_trailers_00_Way9Dexn.mp4
2,gacs_movie_trailers_00_Way9Dexn.mp4
3,gacs_movie_trailers_00_Way9Dexn.mp4
4,gacs_movie_trailers_00_Way9Dexn.mp4
5,gacs_movie_trailers_00_Way9Dexn.mp4
6,gacs_movie_trailers_00_Way9Dexn.mp4
7,gacs_movie_trailers_00_Way9Dexn.mp4
8,gacs_movie_trailers_00_Way9Dexn.mp4
9,gacs_movie_trailers_00_Way9Dexn.mp4
10,gacs_movie_trailers_00_Way9Dexn.mp4
11,gacs_movie_trailers_00_Way9Dexn.mp4
12,gacs_movie_trailers_00_Way9Dexn.mp4
13,gacs_movie_trailers_00_Way9Dexn.mp4
14,gacs_movie_trailers_00_Way9Dexn.mp4
0,gacs_movie_trailers_02_wxN1T1ux.mp4
1,gacs_movie_trailers_02_wxN1T1ux.mp4
2,gacs_movie_trailers_02_wxN1T1ux.mp4
3,gacs_movie_trailers_02_wxN1T1ux.mp4
4,gacs_movie_trailers_02_wxN1T1ux.mp4
5,gacs_movie_trailers_02_wxN1T1ux.mp4
6,gacs_movie_trailers_02_wxN1T1ux.mp4
7,gacs_movie_trailers_02_wxN1T1ux.mp4
8,gacs_movie_trailers_02_wxN1T1ux.mp4
9,gacs_movie_trailers_02_wxN1T1ux.mp4
10,gacs_movie_trailers_02_wxN1T1ux.mp4
11,gacs_movie_trailers_02_wxN1T1ux.mp4
0,gacs_movie_trailers_03_GY4BgdUS.mp4
1,gacs_movie_trailers_03_GY4BgdUS.mp4
2,gacs_movie_trailers_03_GY4BgdUS.mp4
3,gacs_movie_trailers_03_GY4BgdUS.mp4
4,gacs_movie_trailers_03_GY4BgdUS.mp4
5,gacs_movie_trailers_03_GY4BgdUS.mp4
6,gacs_movie_trailers_03_GY4BgdUS.mp4
7,gacs_movie_trailers_03_GY4BgdUS.mp4
8,gacs_movie_trailers_03_GY4BgdUS.mp4
9,gacs_movie_trailers_03_GY4BgdUS.mp4
10,gacs_movie_trailers_03_GY4BgdUS.mp4
11,gacs_movie_trailers_03_GY4BgdUS.mp4
12,gacs_movie_trailers_03_GY4BgdUS.mp4
13,gacs_movie_trailers_03_GY4BgdUS.mp4
0,gacs_advertisements_00_-P6q0A9K.mp4
1,gacs_advertisements_00_-P6q0A9K.mp4
2,gacs_advertisements_00_-P6q0A9K.mp4
3,gacs_advertisements_00_-P6q0A9K.mp4
4,gacs_advertisements_00_-P6q0A9K.mp4
5,gacs_advertisements_00_-P6q0A9K.mp4
6,gacs_advertisements_00_-P6q0A9K.mp4
7,gacs_advertisements_00_-P6q0A9K.mp4
8,gacs_advertisements_00_-P6q0A9K.mp4
9,gacs_advertisements_00_-P6q0A9K.mp4
10,gacs_advertisements_00_-P6q0A9K.mp4
11,gacs_advertisements_00_-P6q0A9K.mp4
12,gacs_advertisements_00_-P6q0A9K.mp4
0,gacs_advertisements_01_aDoT6K3B.mp4
1,gacs_advertisements_01_aDoT6K3B.mp4
2,gacs_advertisements_01_aDoT6K3B.mp4
3,gacs_advertisements_01_aDoT6K3B.mp4
4,gacs_advertisements_01_aDoT6K3B.mp4
5,gacs_advertisements_01_aDoT6K3B.mp4
6,gacs_advertisements_01_aDoT6K3B.mp4
0,gacs_animations_01_xo4rkcC7.mp4
1,gacs_animations_01_xo4rkcC7.mp4
2,gacs_animations_01_xo4rkcC7.mp4
3,gacs_animations_01_xo4rkcC7.mp4
4,gacs_animations_01_xo4rkcC7.mp4
5,gacs_animations_01_xo4rkcC7.mp4
6,gacs_animations_01_xo4rkcC7.mp4
7,gacs_animations_01_xo4rkcC7.mp4
8,gacs_animations_01_xo4rkcC7.mp4
0,gacs_animations_01_xo4rkcC7.temp.mp4
1,gacs_animations_01_xo4rkcC7.temp.mp4
2,gacs_animations_01_xo4rkcC7.temp.mp4
3,gacs_animations_01_xo4rkcC7.temp.mp4
4,gacs_animations_01_xo4rkcC7.temp.mp4
5,gacs_animations_01_xo4rkcC7.temp.mp4
6,gacs_animations_01_xo4rkcC7.temp.mp4
7,gacs_animations_01_xo4rkcC7.temp.mp4
8,gacs_animations_01_xo4rkcC7.temp.mp4
0,gacs_animations_03_f_fuHRyQ.mp4
1,gacs_animations_03_f_fuHRyQ.mp4
2,gacs_animations_03_f_fuHRyQ.mp4
3,gacs_animations_03_f_fuHRyQ.mp4
4,gacs_animations_03_f_fuHRyQ.mp4
5,gacs_animations_03_f_fuHRyQ.mp4
6,gacs_animations_03_f_fuHRyQ.mp4
7,gacs_animations_03_f_fuHRyQ.mp4
8,gacs_animations_03_f_fuHRyQ.mp4
9,gacs_animations_03_f_fuHRyQ.mp4
10,gacs_animations_03_f_fuHRyQ.mp4
0,gacs_emotional_shorts_01_ShIa60uL.mp4
1,gacs_emotional_shorts_01_ShIa60uL.mp4
2,gacs_emotional_shorts_01_ShIa60uL.mp4
3,gacs_emotional_shorts_01_ShIa60uL.mp4
4,gacs_emotional_shorts_01_ShIa60uL.mp4
5,gacs_emotional_shorts_01_ShIa60uL.mp4
6,gacs_emotional_shorts_01_ShIa60uL.mp4
7,gacs_emotional_shorts_01_ShIa60uL.mp4
8,gacs_emotional_shorts_01_ShIa60uL.mp4
9,gacs_emotional_shorts_01_ShIa60uL.mp4
10,gacs_emotional_shorts_01_ShIa60uL.mp4
11,gacs_emotional_shorts_01_ShIa60uL.mp4
12,gacs_emotional_shorts_01_ShIa60uL.mp4
0,gacs_emotional_shorts_02_VSj0URO1.mp4
1,gacs_emotional_shorts_02_VSj0URO1.mp4
2,gacs_emotional_shorts_02_VSj0URO1.mp4
3,gacs_emotional_shorts_02_VSj0URO1.mp4
4,gacs_emotional_shorts_02_VSj0URO1.mp4
5,gacs_emotional_shorts_02_VSj0URO1.mp4
6,gacs_emotional_shorts_02_VSj0URO1.mp4
7,gacs_emotional_shorts_02_VSj0URO1.mp4
8,gacs_emotional_shorts_02_VSj0URO1.mp4
9,gacs_emotional_shorts_02_VSj0URO1.mp4
10,gacs_emotional_shorts_02_VSj0URO1.mp4
11,gacs_emotional_shorts_02_VSj0URO1.mp4
12,gacs_emotional_shorts_02_VSj0URO1.mp4
0,gacs_emotional_shorts_04_2SP-7Nm1.mp4
1,gacs_emotional_shorts_04_2SP-7Nm1.mp4
2,gacs_emotional_shorts_04_2SP-7Nm1.mp4
3,gacs_emotional_shorts_04_2SP-7Nm1.mp4
4,gacs_emotional_shorts_04_2SP-7Nm1.mp4
0,gacs_movie_trailers_00_vt98AlBD.mp4
1,gacs_movie_trailers_00_vt98AlBD.mp4
2,gacs_movie_trailers_00_vt98AlBD.mp4
3,gacs_movie_trailers_00_vt98AlBD.mp4
4,gacs_movie_trailers_00_vt98AlBD.mp4
5,gacs_movie_trailers_00_vt98AlBD.mp4
6,gacs_movie_trailers_00_vt98AlBD.mp4
7,gacs_movie_trailers_00_vt98AlBD.mp4
0,gacs_movie_trailers_03_xg88QIaj.mp4
1,gacs_movie_trailers_03_xg88QIaj.mp4
2,gacs_movie_trailers_03_xg88QIaj.mp4
3,gacs_movie_trailers_03_xg88QIaj.mp4
4,gacs_movie_trailers_03_xg88QIaj.mp4
5,gacs_movie_trailers_03_xg88QIaj.mp4
6,gacs_movie_trailers_03_xg88QIaj.mp4
7,gacs_movie_trailers_03_xg88QIaj.mp4
8,gacs_movie_trailers_03_xg88QIaj.mp4
9,gacs_movie_trailers_03_xg88QIaj.mp4
10,gacs_movie_trailers_03_xg88QIaj.mp4
11,gacs_movie_trailers_03_xg88QIaj.mp4
12,gacs_movie_trailers_03_xg88QIaj.mp4
0,gacs_advertisements_01_gl2tglNL.mp4
1,gacs_advertisements_01_gl2tglNL.mp4
2,gacs_advertisements_01_gl2tglNL.mp4
3,gacs_advertisements_01_gl2tglNL.mp4
4,gacs_advertisements_01_gl2tglNL.mp4
5,gacs_advertisements_01_gl2tglNL.mp4
0,gacs_advertisements_03_Uoj6rlUk.mp4
1,gacs_advertisements_03_Uoj6rlUk.mp4
2,gacs_advertisements_03_Uoj6rlUk.mp4
3,gacs_advertisements_03_Uoj6rlUk.mp4
4,gacs_advertisements_03_Uoj6rlUk.mp4
5,gacs_advertisements_03_Uoj6rlUk.mp4
6,gacs_advertisements_03_Uoj6rlUk.mp4
7,gacs_advertisements_03_Uoj6rlUk.mp4
8,gacs_advertisements_03_Uoj6rlUk.mp4
9,gacs_advertisements_03_Uoj6rlUk.mp4
10,gacs_advertisements_03_Uoj6rlUk.mp4
11,gacs_advertisements_03_Uoj6rlUk.mp4
0,gacs_advertisements_04_dGFPi5sZ.mp4
1,gacs_advertisements_04_dGFPi5sZ.mp4
2,gacs_advertisements_04_dGFPi5sZ.mp4
3,gacs_advertisements_04_dGFPi5sZ.mp4
4,gacs_advertisements_04_dGFPi5sZ.mp4
5,gacs_advertisements_04_dGFPi5sZ.mp4
6,gacs_advertisements_04_dGFPi5sZ.mp4
7,gacs_advertisements_04_dGFPi5sZ.mp4
8,gacs_advertisements_04_dGFPi5sZ.mp4
9,gacs_advertisements_04_dGFPi5sZ.mp4
10,gacs_advertisements_04_dGFPi5sZ.mp4
11,gacs_advertisements_04_dGFPi5sZ.mp4
12,gacs_advertisements_04_dGFPi5sZ.mp4
0,gacs_animations_02_wuGj4Xgb.mp4
1,gacs_animations_02_wuGj4Xgb.mp4
2,gacs_animations_02_wuGj4Xgb.mp4
3,gacs_animations_02_wuGj4Xgb.mp4
4,gacs_animations_02_wuGj4Xgb.mp4
5,gacs_animations_02_wuGj4Xgb.mp4
6,gacs_animations_02_wuGj4Xgb.mp4
7,gacs_animations_02_wuGj4Xgb.mp4
8,gacs_animations_02_wuGj4Xgb.mp4
9,gacs_animations_02_wuGj4Xgb.mp4
10,gacs_animations_02_wuGj4Xgb.mp4
11,gacs_animations_02_wuGj4Xgb.mp4
12,gacs_animations_02_wuGj4Xgb.mp4
0,gacs_animations_03_NWQH8cMp.mp4
1,gacs_animations_03_NWQH8cMp.mp4
2,gacs_animations_03_NWQH8cMp.mp4
3,gacs_animations_03_NWQH8cMp.mp4
4,gacs_animations_03_NWQH8cMp.mp4
5,gacs_animations_03_NWQH8cMp.mp4
6,gacs_animations_03_NWQH8cMp.mp4
7,gacs_animations_03_NWQH8cMp.mp4
8,gacs_animations_03_NWQH8cMp.mp4
9,gacs_animations_03_NWQH8cMp.mp4
10,gacs_animations_03_NWQH8cMp.mp4
0,gacs_emotional_shorts_01_eSNLnjeu.mp4
1,gacs_emotional_shorts_01_eSNLnjeu.mp4
2,gacs_emotional_shorts_01_eSNLnjeu.mp4
3,gacs_emotional_shorts_01_eSNLnjeu.mp4
4,gacs_emotional_shorts_01_eSNLnjeu.mp4
5,gacs_emotional_shorts_01_eSNLnjeu.mp4
6,gacs_emotional_shorts_01_eSNLnjeu.mp4
0,gacs_emotional_shorts_02_HkidP4Ad.mp4
1,gacs_emotional_shorts_02_HkidP4Ad.mp4
2,gacs_emotional_shorts_02_HkidP4Ad.mp4
3,gacs_emotional_shorts_02_HkidP4Ad.mp4
4,gacs_emotional_shorts_02_HkidP4Ad.mp4
0,gacs_emotional_shorts_03_k8-2leAo.mp4
1,gacs_emotional_shorts_03_k8-2leAo.mp4
2,gacs_emotional_shorts_03_k8-2leAo.mp4
3,gacs_emotional_shorts_03_k8-2leAo.mp4
4,gacs_emotional_shorts_03_k8-2leAo.mp4
5,gacs_emotional_shorts_03_k8-2leAo.mp4
6,gacs_emotional_shorts_03_k8-2leAo.mp4
7,gacs_emotional_shorts_03_k8-2leAo.mp4
8,gacs_emotional_shorts_03_k8-2leAo.mp4
9,gacs_emotional_shorts_03_k8-2leAo.mp4
10,gacs_emotional_shorts_03_k8-2leAo.mp4
11,gacs_emotional_shorts_03_k8-2leAo.mp4
12,gacs_emotional_shorts_03_k8-2leAo.mp4
0,gacs_movie_trailers_01_OzY2r2JX.mp4
1,gacs_movie_trailers_01_OzY2r2JX.mp4
0,gacs_movie_trailers_02_EOwTdTZA.mp4
1,gacs_movie_trailers_02_EOwTdTZA.mp4
2,gacs_movie_trailers_02_EOwTdTZA.mp4
3,gacs_movie_trailers_02_EOwTdTZA.mp4
4,gacs_movie_trailers_02_EOwTdTZA.mp4
5,gacs_movie_trailers_02_EOwTdTZA.mp4
6,gacs_movie_trailers_02_EOwTdTZA.mp4
7,gacs_movie_trailers_02_EOwTdTZA.mp4
8,gacs_movie_trailers_02_EOwTdTZA.mp4
9,gacs_movie_trailers_02_EOwTdTZA.mp4
